{
	"textures": {
		"0": "video_camera",
		"particle": "video_camera"
	},
	"elements": [
		{
			"from": [6, 2, 3],
			"to": [10, 6, 11],
			"faces": {
				"north": {"uv": [8, 0, 12, 4], "texture": "#0"},
				"east": {"uv": [0, 0, 8, 4], "texture": "#0"},
				"south": {"uv": [12, 0, 16, 4], "texture": "#0"},
				"west": {"uv": [8, 0, 0, 4], "texture": "#0"},
				"up": {"uv": [0, 10, 8, 14], "rotation": 90, "texture": "#0"},
				"down": {"uv": [0, 10, 8, 14], "rotation": 90, "texture": "#0"}
			}
		},
		{
			"from": [7, 3, 1],
			"to": [9, 5, 3],
			"faces": {
				"north": {"uv": [10, 6, 12, 8], "texture": "#0"},
				"east": {"uv": [10, 4, 12, 6], "rotation": 90, "texture": "#0"},
				"south": {"uv": [10, 4, 12, 6], "texture": "#0"},
				"west": {"uv": [10, 4, 12, 6], "rotation": 270, "texture": "#0"},
				"up": {"uv": [10, 4, 12, 6], "texture": "#0"},
				"down": {"uv": [10, 4, 12, 6], "rotation": 180, "texture": "#0"}
			}
		},
		{
			"from": [7.5, 6.5, 4],
			"to": [8.5, 9.5, 7],
			"faces": {
				"north": {"uv": [3, 4, 4, 7], "texture": "#0"},
				"east": {"uv": [0, 4, 3, 7], "texture": "#0"},
				"south": {"uv": [3, 4, 4, 7], "texture": "#0"},
				"west": {"uv": [0, 4, 3, 7], "texture": "#0"},
				"up": {"uv": [3, 4, 4, 7], "texture": "#0"},
				"down": {"uv": [3, 4, 4, 7], "texture": "#0"}
			}
		},
		{
			"from": [7.5, 6.5, 8],
			"to": [8.5, 9.5, 11],
			"faces": {
				"north": {"uv": [3, 4, 4, 7], "texture": "#0"},
				"east": {"uv": [0, 4, 3, 7], "texture": "#0"},
				"south": {"uv": [3, 4, 4, 7], "texture": "#0"},
				"west": {"uv": [0, 4, 3, 7], "texture": "#0"},
				"up": {"uv": [3, 4, 4, 7], "texture": "#0"},
				"down": {"uv": [3, 4, 4, 7], "texture": "#0"}
			}
		},
		{
			"from": [7, 6, 5],
			"to": [9, 6.5, 10],
			"faces": {
				"north": {"uv": [12, 4, 12.5, 6], "rotation": 90, "texture": "#0"},
				"east": {"uv": [13, 4, 13.5, 9], "rotation": 90, "texture": "#0"},
				"south": {"uv": [12, 4, 12.5, 6], "rotation": 90, "texture": "#0"},
				"west": {"uv": [13, 4, 13.5, 9], "rotation": 90, "texture": "#0"},
				"up": {"uv": [14, 4, 16, 9], "texture": "#0"},
				"down": {"uv": [14, 4, 16, 9], "texture": "#0"}
			}
		},
		{
			"from": [5, 4, 6.5],
			"to": [6, 5, 11.5],
			"faces": {
				"north": {"uv": [9, 4, 10, 5], "texture": "#0"},
				"east": {"uv": [4, 4, 9, 5], "texture": "#0"},
				"south": {"uv": [9, 4, 10, 5], "texture": "#0"},
				"west": {"uv": [4, 4, 9, 5], "texture": "#0"},
				"up": {"uv": [4, 7, 9, 8], "rotation": 90, "texture": "#0"},
				"down": {"uv": [4, 8, 9, 9], "rotation": 90, "texture": "#0"}
			}
		},
		{
			"from": [4.75, 3.75, 11.5],
			"to": [6.25, 5.25, 12],
			"faces": {
				"north": {"uv": [6, 5, 7.5, 6.5], "texture": "#0"},
				"east": {"uv": [8, 5, 8.5, 6.5], "texture": "#0"},
				"south": {"uv": [4, 5, 5.5, 6.5], "texture": "#0"},
				"west": {"uv": [8, 5, 8.5, 6.5], "texture": "#0"},
				"up": {"uv": [8, 5, 8.5, 6.5], "rotation": 90, "texture": "#0"},
				"down": {"uv": [8, 5, 8.5, 6.5], "rotation": 90, "texture": "#0"}
			}
		},
		{
			"from": [7.5, -1, 4],
			"to": [8.5, 2, 5.5],
			"faces": {
				"north": {"uv": [9, 5, 10, 8], "texture": "#0"},
				"east": {"uv": [0, 7, 1.5, 10], "texture": "#0"},
				"south": {"uv": [2, 7, 3, 10], "texture": "#0"},
				"west": {"uv": [1.5, 7, 0, 10], "texture": "#0"},
				"up": {"uv": [3, 7, 4, 8.5], "texture": "#0"},
				"down": {"uv": [3, 7, 4, 8.5], "texture": "#0"}
			}
		}
	],
	"display": {
		"thirdperson_righthand": {
			"translation": [0, 9.25, 3.75],
			"scale": [1.5, 1.5, 1.5]
		},
		"thirdperson_lefthand": {
			"translation": [0, 9.25, 3.75],
			"scale": [-1.5, 1.5, 1.5]
		},
		"firstperson_righthand": {
			"translation": [-5.5, 11.5, 6.25]
		},
		"firstperson_lefthand": {
			"translation": [-5.5, 11.5, 6.25],
			"scale": [-1, 1, 1]
		},
		"ground": {
			"translation": [0, 3.25, 0]
		},
		"gui": {
			"rotation": [0, 90, 0],
			"translation": [2.25, 4.75, 0],
			"scale": [1.25, 1.25, 1.25]
		},
		"head": {
			"translation": [9.5, 8.75, -10],
			"scale": [2.5, 2.5, 2.5]
		},
		"fixed": {
			"rotation": [0, -90, 0],
			"translation": [-2.75, 5, -0.5],
			"scale": [1.5, 1.5, 1.5]
		}
	}
}