{"stat.useItem.minecraft.command_block":7,"stat.walkOneCm":87800,"stat.useItem.minecraft.chain_command_block":110,"stat.useItem.minecraft.lever":4,"stat.useItem.minecraft.stone":33,"stat.leaveGame":4,"stat.useItem.minecraft.repeating_command_block":10,"stat.pickup.minecraft.redstone_block":55,"stat.jump":1590,"stat.useItem.minecraft.redstone_block":39,"stat.drop.minecraft.stained_hardened_clay":1,"stat.drop.minecraft.coal_block":37,"stat.crouchOneCm":9999,"stat.useItem.minecraft.coal_block":1,"stat.useItem.minecraft.stained_hardened_clay":313,"stat.useItem.minecraft.stone_button":4,"stat.useItem.minecraft.dirt":4,"stat.sprintOneCm":112192,"achievement.exploreAllBiomes":{"value":0,"progress":["Desert"]},"achievement.openInventory":98,"stat.flyOneCm":1081438,"stat.pickup.minecraft.lever":1,"stat.deaths":3,"stat.drop":258,"stat.pickup.minecraft.chain_command_block":3,"stat.playOneMinute":189201,"stat.pickup.minecraft.stone_button":4,"stat.sneakTime":12933,"stat.drop.minecraft.redstone_block":220,"stat.useItem.minecraft.wool":61,"stat.timeSinceDeath":19222}