{"stat.beaconInteraction":1,"stat.pickup.minecraft.repeating_command_block":29,"stat.useItem.minecraft.quartz_block":2,"stat.pickup.minecraft.wooden_slab":7,"stat.leaveGame":67,"stat.drop.minecraft.redstone":4,"stat.mineBlock.minecraft.stained_glass":28,"stat.pickup.minecraft.rotten_flesh":80,"stat.drop.minecraft.leather_boots":3,"stat.pickup.minecraft.bucket":2,"stat.useItem.minecraft.rail":1,"stat.mineBlock.minecraft.wooden_slab":22,"stat.pickup.minecraft.leather_boots":41,"stat.drop.minecraft.elytra":1,"stat.useItem.minecraft.anvil":5,"stat.pickup.minecraft.brown_mushroom":7,"stat.drop.minecraft.sand":1114,"stat.killEntity.MushroomCow":1,"stat.drop.minecraft.gold_ingot":32,"stat.pickup.minecraft.stained_hardened_clay":2,"stat.pickup.minecraft.double_plant":25,"stat.mineBlock.minecraft.hopper":56,"stat.drop.minecraft.gravel":13,"stat.furnaceInteraction":76,"stat.drop.minecraft.red_flower":17,"stat.pickup.minecraft.sponge":496,"stat.pickup.minecraft.prismarine":1,"stat.pickup.minecraft.beef":1,"stat.pickup.minecraft.leather_helmet":1,"stat.pickup.minecraft.cauldron":8,"stat.useItem.minecraft.trapdoor":3,"stat.useItem.minecraft.stained_glass":29,"stat.useItem.minecraft.ice":2,"achievement.openInventory":1991,"stat.pickup.minecraft.potion":6,"stat.useItem.minecraft.cauldron":24,"stat.useItem.minecraft.wooden_button":14,"stat.useItem.minecraft.lingering_potion":5,"stat.pickup.minecraft.emerald":289,"stat.useItem.minecraft.dye":137,"stat.pickup.minecraft.lever":151,"stat.deaths":140,"stat.drop.minecraft.chain_command_block":109,"stat.pickup.minecraft.egg":18,"stat.pickup.minecraft.item_frame":4,"stat.drop.minecraft.glass_bottle":2,"stat.drop.minecraft.iron_ingot":78,"stat.chestOpened":275,"stat.useItem.minecraft.splash_potion":7,"stat.useItem.minecraft.stone":1704,"stat.pickup.minecraft.arrow":32,"stat.craftItem.minecraft.coal":194,"stat.pickup.minecraft.carrot":2,"stat.crouchOneCm":208914,"stat.mineBlock.minecraft.chest":2,"stat.pickup.minecraft.ender_chest":2,"stat.craftingTableInteraction":6,"stat.pickup.minecraft.repeater":65,"stat.drop.minecraft.double_plant":1,"stat.pickup.minecraft.dye":195,"stat.pickup.minecraft.planks":163,"stat.drop.minecraft.minecart":1,"stat.pickup.minecraft.wheat_seeds":16,"stat.drop.minecraft.snow":1,"stat.useItem.minecraft.enchanting_table":2,"stat.pickup.minecraft.ice":4,"stat.mineBlock.minecraft.dirt":25,"stat.drop.minecraft.rotten_flesh":4,"stat.useItem.minecraft.cobblestone":190,"stat.drop.minecraft.lingering_potion":1,"stat.useItem.minecraft.gravel":1,"stat.minecartOneCm":5351,"stat.useItem.minecraft.yellow_flower":3,"stat.drop.minecraft.sapling":9,"stat.pickup.minecraft.hopper":18,"stat.useItem.minecraft.tallgrass":14,"stat.pickup.minecraft.apple":1,"stat.pickup.minecraft.end_stone":128,"stat.craftItem.minecraft.planks":28,"stat.useItem.minecraft.barrier":20,"stat.itemEnchanted":7,"stat.drop.minecraft.hopper_minecart":1,"stat.useItem.minecraft.daylight_detector":1,"stat.useItem.minecraft.stonebrick":32,"stat.mineBlock.minecraft.log":11,"stat.pickup.minecraft.red_flower":43,"stat.pickup.minecraft.wool":193,"stat.pickup.minecraft.bookshelf":32,"stat.mineBlock.minecraft.cobblestone":6,"stat.useItem.minecraft.skull":3,"stat.pickup.minecraft.leather_chestplate":3,"stat.drop.minecraft.saddle":2,"stat.useItem.minecraft.snow":6,"stat.pickup.minecraft.enchanted_book":1,"stat.drop.minecraft.cobblestone":7174,"achievement.buildWorkBench":1,"stat.pickup.minecraft.cooked_porkchop":32,"stat.useItem.minecraft.coal_block":1,"stat.pickup.minecraft.writable_book":2,"stat.mineBlock.minecraft.dropper":57,"stat.pickup.minecraft.bow":1,"stat.pickup.minecraft.iron_boots":2,"stat.pickup.minecraft.diamond_horse_armor":1,"stat.drop.minecraft.daylight_detector":2,"stat.useItem.minecraft.egg":11,"stat.pickup.minecraft.iron_trapdoor":4,"stat.pickup.minecraft.diamond_leggings":3,"stat.flyOneCm":8045508,"stat.pickup.minecraft.sandstone":320,"stat.pickup.minecraft.chain_command_block":86,"stat.timeSinceDeath":3038,"stat.cauldronFilled":3,"stat.useItem.minecraft.wooden_slab":60,"stat.drop.minecraft.repeater":1,"stat.useItem.minecraft.armor_stand":3,"stat.killEntity.Creeper":2,"stat.talkedToVillager":238,"stat.drop.minecraft.spawn_egg":695,"stat.pickup.minecraft.string":2,"stat.drop.minecraft.ender_chest":2,"stat.drop.minecraft.redstone_lamp":48,"stat.useItem.minecraft.written_book":23,"stat.killEntity.Squid":2,"stat.useItem.minecraft.dropper":112,"stat.sprintOneCm":1575587,"stat.useItem.minecraft.hay_block":3,"stat.mineBlock.minecraft.stone_slab":53,"stat.drop.minecraft.cauldron":1,"stat.pickup.minecraft.leather_leggings":1,"stat.drop.minecraft.boat":2,"stat.pickup.minecraft.spawn_egg":5718,"stat.pickup.minecraft.vine":4,"stat.useItem.minecraft.cake":1,"stat.pickup.minecraft.iron_block":94,"stat.killEntity.Zombie":12,"stat.pickup.minecraft.snowball":6,"stat.diveOneCm":667,"stat.drop.minecraft.diamond_pickaxe":1,"stat.pickup.minecraft.wheat":4,"stat.useItem.minecraft.sticky_piston":10,"stat.pickup.minecraft.sign":87,"stat.drop.minecraft.bookshelf":32,"stat.pickup.minecraft.obsidian":128,"stat.drop.minecraft.apple":2,"stat.drop.minecraft.sponge":17,"stat.jump":12124,"stat.useItem.minecraft.sand":4,"stat.pickup.minecraft.coal":392,"stat.pickup.minecraft.iron_ingot":396,"stat.drop.minecraft.diamond_sword":1,"stat.pickup.minecraft.gunpowder":13,"stat.pickup.minecraft.dirt":1960,"stat.drop.minecraft.dragon_egg":2,"stat.useItem.minecraft.glass":1,"stat.useItem.minecraft.dispenser":2,"stat.drop.minecraft.enchanting_table":1,"stat.drop.minecraft.barrier":5,"stat.useItem.minecraft.sapling":32,"stat.pickup.minecraft.gold_ore":128,"stat.pickup.minecraft.command_block":13,"stat.damageTaken":12971,"stat.pickup.minecraft.ender_eye":6,"stat.pickup.minecraft.log2":154,"stat.cauldronUsed":1,"stat.pickup.minecraft.potato":6,"stat.entityKilledBy.Zombie":2,"stat.pickup.minecraft.diamond_axe":5,"stat.useItem.minecraft.command_block":473,"stat.useItem.minecraft.chest":68,"stat.pickup.minecraft.diamond_pickaxe":8,"stat.useItem.minecraft.pumpkin":3,"stat.useItem.minecraft.lava_bucket":7,"stat.useItem.minecraft.item_frame":12,"stat.drop.minecraft.potato":1,"stat.useItem.minecraft.stained_hardened_clay":890,"stat.pickup.minecraft.ender_pearl":34,"stat.drop.minecraft.wooden_slab":3,"stat.useItem.minecraft.netherrack":52,"stat.useItem.minecraft.tripwire_hook":6,"stat.drop.minecraft.lever":6,"stat.mineBlock.minecraft.purpur_slab":5,"stat.mobKills":30,"stat.pickup.minecraft.diamond_boots":3,"stat.drop.minecraft.written_book":6,"stat.useItem.minecraft.boat":1,"stat.useItem.minecraft.cobblestone_wall":1,"stat.pickup.minecraft.diamond":388,"stat.pickup.minecraft.beetroot_seeds":16,"stat.pickup.minecraft.torch":1,"stat.pickup.minecraft.spruce_boat":1,"stat.useItem.minecraft.purpur_slab":1,"stat.useItem.minecraft.string":12,"stat.drop.minecraft.armor_stand":4,"stat.useItem.minecraft.chain_command_block":1535,"stat.useItem.minecraft.bookshelf":22,"stat.useItem.minecraft.soul_sand":2,"stat.useItem.minecraft.repeating_command_block":76,"stat.pickup.minecraft.lapis_block":64,"stat.drop.minecraft.skull":6,"stat.pickup.minecraft.glowstone_dust":101,"stat.pickup.minecraft.glass":13,"stat.useItem.minecraft.water_bucket":10,"stat.pickup.minecraft.sand":3272,"stat.pickup.minecraft.splash_potion":31,"stat.drop.minecraft.splash_potion":10,"stat.aviateOneCm":49578,"stat.hopperInspected":440,"stat.drop.minecraft.diamond":56,"stat.useItem.minecraft.spawn_egg":2009,"stat.pickup.minecraft.armor_stand":3,"stat.trappedChestTriggered":7,"stat.drop.minecraft.rail":1,"stat.pickup.minecraft.wooden_button":3,"stat.drop.minecraft.stone_slab":8,"stat.useItem.minecraft.redstone":30,"stat.drop.minecraft.stained_hardened_clay":15,"stat.drop.minecraft.diamond_helmet":2,"stat.drop.minecraft.wooden_button":2,"achievement.mineWood":76,"stat.pickup.minecraft.skull":22,"stat.pickup.minecraft.pumpkin_seeds":4,"stat.useItem.minecraft.hopper":107,"stat.pickup.minecraft.saddle":1,"stat.playOneMinute":2157514,"stat.pickup.minecraft.diamond_block":8,"stat.useItem.minecraft.shears":7,"stat.pickup.minecraft.beacon":2,"stat.drop.minecraft.chest":9,"stat.pickup.minecraft.iron_bars":4,"stat.drop.minecraft.hopper":6,"stat.useItem.minecraft.sponge":2,"stat.mineBlock.minecraft.ice":2,"stat.fallOneCm":77068,"stat.drop.minecraft.stone":1266,"stat.drop.minecraft.dye":22,"stat.useItem.minecraft.trapped_chest":5,"stat.pickup.minecraft.melon_seeds":3,"stat.pickup.minecraft.dropper":78,"stat.mineBlock.minecraft.lever":1,"stat.pickup.minecraft.red_mushroom":1,"stat.dropperInspected":649,"stat.pickup.minecraft.comparator":64,"stat.pickup.minecraft.feather":4,"stat.pickup.minecraft.record_cat":1,"stat.useItem.minecraft.furnace":14,"stat.pickup.minecraft.iron_leggings":1,"stat.useItem.minecraft.wool":20,"stat.drop.minecraft.reeds":1,"stat.drop.minecraft.stick":62,"stat.mineBlock.minecraft.monster_egg":1,"stat.useItem.minecraft.bone_block":2,"stat.useItem.minecraft.torch":1,"stat.pickup.minecraft.golden_apple":63,"stat.useItem.minecraft.log":305,"stat.useItem.minecraft.comparator":3,"stat.craftItem.minecraft.crafting_table":1,"stat.pickup.minecraft.redstone_block":48,"stat.pickup.minecraft.log":721,"stat.drop.minecraft.sign":45,"stat.pickup.minecraft.tallgrass":1,"stat.pickup.minecraft.web":2,"stat.pickup.minecraft.sapling":1573,"stat.useItem.minecraft.deadbush":132,"stat.pickup.minecraft.diamond_helmet":5,"stat.drop.minecraft.dropper":14,"stat.pickup.minecraft.golden_sword":1,"stat.sneakTime":118118,"stat.pickup.minecraft.stone_slab":81,"stat.pickup.minecraft.chest":4,"stat.useItem.minecraft.web":1,"stat.pickup.minecraft.bone":10,"stat.pickup.minecraft.stone_pressure_plate":64,"stat.pickup.minecraft.redstone_torch":135,"stat.horseOneCm":19933,"stat.useItem.minecraft.repeater":33,"stat.useItem.minecraft.log2":22,"stat.drop.minecraft.leather_helmet":1,"stat.useItem.minecraft.diamond_sword":70,"stat.swimOneCm":4385,"stat.useItem.minecraft.end_rod":2,"stat.drop.minecraft.brown_mushroom":2,"stat.useItem.minecraft.redstone_torch":28,"stat.useItem.minecraft.dirt":181,"achievement.exploreAllBiomes":{"value":0,"progress":["Jungle","The Void","The End"]},"stat.useItem.minecraft.red_flower":4,"stat.drop.minecraft.web":1,"stat.pickup.minecraft.daylight_detector":7,"stat.pickup.minecraft.enchanting_table":1,"stat.useItem.minecraft.detector_rail":1,"stat.useItem.minecraft.golden_pickaxe":22,"stat.drop.minecraft.ender_pearl":38,"stat.pickup.minecraft.cobblestone":15950,"stat.pickup.minecraft.gold_block":9,"stat.mineBlock.minecraft.redstone_block":4,"stat.pickup.minecraft.soul_sand":11,"stat.craftItem.minecraft.wooden_slab":48,"stat.pickup.minecraft.cactus":4,"stat.pickup.minecraft.dragon_egg":1,"stat.pickup.minecraft.redstone":373,"stat.useItem.minecraft.sign":171,"stat.drop.minecraft.log":69,"stat.useItem.minecraft.lever":92,"stat.pickup.minecraft.redstone_lamp":45,"stat.drop.minecraft.dirt":1286,"stat.pickup.minecraft.trapdoor":4,"stat.pickup.minecraft.diamond_shovel":3,"stat.useItem.minecraft.chest_minecart":1,"stat.useItem.minecraft.sea_lantern":1,"stat.drop.minecraft.anvil":3,"stat.pickup.minecraft.nether_star":6,"stat.useItem.minecraft.spruce_fence":1,"stat.drop.minecraft.potion":4,"stat.useItem.minecraft.stone_slab":17,"stat.pickup.minecraft.speckled_melon":64,"stat.pickup.minecraft.grass":127,"stat.drop.minecraft.leaves":245,"stat.useItem.minecraft.diamond_pickaxe":172,"stat.pickup.minecraft.diamond_chestplate":5,"stat.drop.minecraft.golden_apple":1,"stat.entityKilledBy.Creeper":9,"stat.drop":956,"stat.pickup.minecraft.stone_button":47,"stat.pickup.minecraft.slime_ball":27,"stat.drop.minecraft.redstone_block":72,"stat.pickup.minecraft.gravel":1482,"stat.useItem.minecraft.diamond_axe":10,"stat.mineBlock.minecraft.deadbush":88,"stat.entityKilledBy.Guardian":1,"stat.useItem.minecraft.potion":6,"stat.pickup.minecraft.diamond_sword":4,"stat.useItem.minecraft.bedrock":3,"stat.pickup.minecraft.iron_helmet":1,"stat.useItem.minecraft.stone_button":90,"stat.drop.minecraft.glass":1,"stat.pickup.minecraft.iron_ore":448,"stat.boatOneCm":423,"stat.useItem.minecraft.redstone_lamp":22,"stat.pickup.minecraft.leaves":481,"stat.pickup.minecraft.leather":6,"stat.dispenserInspected":3,"stat.drop.minecraft.stone_button":15,"stat.pickup.minecraft.prismarine_shard":62,"stat.pickup.minecraft.end_crystal":4,"stat.drop.minecraft.water_bucket":1,"stat.pickup.minecraft.reeds":7,"stat.pickup.minecraft.prismarine_crystals":43,"stat.useItem.minecraft.end_portal_frame":2,"stat.damageDealt":6974,"stat.useItem.minecraft.crafting_table":2,"stat.pickup.minecraft.minecart":1,"stat.pickup.minecraft.piston":128,"stat.pickup.minecraft.boat":1,"stat.walkOneCm":2657669,"stat.pickup.minecraft.stick":1104,"stat.drop.minecraft.vine":1,"stat.drop.minecraft.diamond_axe":1,"stat.useItem.minecraft.redstone_block":195,"stat.pickup.minecraft.tnt":384,"stat.pickup.minecraft.stone":6489,"stat.drop.minecraft.emerald":32,"stat.useItem.minecraft.leaves":126,"stat.drop.minecraft.command_block":14,"stat.pickup.minecraft.gold_ingot":308,"stat.pickup.minecraft.barrier":1,"stat.drop.minecraft.deadbush":1,"stat.mineBlock.minecraft.redstone_torch":1,"stat.pickup.minecraft.bread":1,"stat.drop.minecraft.chest_minecart":1,"stat.drop.minecraft.repeating_command_block":18,"stat.pickup.minecraft.quartz":182,"stat.pickup.minecraft.water_bucket":3,"stat.mineBlock.minecraft.leaves":105,"stat.pickup.minecraft.elytra":3,"stat.pickup.minecraft.lava_bucket":4,"stat.drop.minecraft.beef":1,"stat.mineBlock.minecraft.stone":6}