{"stat.chestOpened":18,"stat.drop.minecraft.armor_stand":1,"stat.useItem.minecraft.splash_potion":1,"stat.useItem.minecraft.chain_command_block":15,"stat.pickup.minecraft.sign":3,"stat.useItem.minecraft.stone":145,"stat.pickup.minecraft.gravel":81,"stat.leaveGame":6,"stat.drop.minecraft.glowstone_dust":1,"stat.mineBlock.minecraft.cobblestone":6,"stat.useItem.minecraft.apple":1,"stat.drop.minecraft.redstone":1,"stat.pickup.minecraft.obsidian":1,"stat.useItem.minecraft.repeating_command_block":1,"stat.mineBlock.minecraft.stained_glass":3,"stat.jump":1955,"stat.swimOneCm":954,"stat.pickup.minecraft.coal":1,"stat.fallOneCm":7431,"stat.useItem.minecraft.planks":1,"stat.drop.minecraft.stone":1,"stat.drop.minecraft.cobblestone":179,"stat.pickup.minecraft.glowstone_dust":1,"stat.crouchOneCm":2042,"stat.mineBlock.minecraft.chest":1,"stat.mineBlock.minecraft.dropper":1,"stat.useItem.minecraft.obsidian":1,"stat.useItem.minecraft.redstone_torch":1,"stat.pickup.minecraft.dirt":111,"stat.useItem.minecraft.dirt":4,"stat.drop.minecraft.quartz":2,"achievement.exploreAllBiomes":{"value":0,"progress":["Jungle"]},"stat.useItem.minecraft.water_bucket":1,"stat.pickup.minecraft.sand":192,"stat.dropperInspected":2,"stat.useItem.minecraft.red_flower":1,"stat.useItem.minecraft.sapling":5,"stat.pickup.minecraft.splash_potion":1,"stat.pickup.minecraft.leaves":67,"stat.damageTaken":800,"stat.mineBlock.minecraft.obsidian":1,"stat.pickup.minecraft.cobblestone":390,"stat.drop.minecraft.splash_potion":1,"stat.mineBlock.minecraft.wooden_slab":3,"stat.pickup.minecraft.leather_boots":1,"stat.pickup.minecraft.dye":129,"stat.flyOneCm":728114,"stat.drop.minecraft.sand":125,"stat.damageDealt":137,"stat.pickup.minecraft.redstone":1,"stat.timeSinceDeath":22172,"stat.hopperInspected":11,"stat.mineBlock.minecraft.dirt":1,"stat.useItem.minecraft.sign":7,"stat.drop.minecraft.diamond":1,"stat.useItem.minecraft.spawn_egg":13,"stat.cauldronFilled":1,"stat.useItem.minecraft.wooden_slab":1,"stat.useItem.minecraft.command_block":3,"stat.walkOneCm":154836,"stat.drop.minecraft.coal":1,"stat.useItem.minecraft.torch":3,"stat.pickup.minecraft.golden_apple":1,"stat.useItem.minecraft.chest":1,"stat.pickup.minecraft.diamond_pickaxe":2,"stat.mineBlock.minecraft.hopper":4,"stat.useItem.minecraft.cobblestone":15,"stat.useItem.minecraft.tnt":1,"stat.drop.minecraft.gravel":14,"stat.drop.minecraft.dirt":49,"stat.useItem.minecraft.lava_bucket":2,"stat.pickup.minecraft.wooden_button":1,"stat.useItem.minecraft.armor_stand":2,"stat.drop.minecraft.spawn_egg":4,"stat.useItem.minecraft.redstone_block":18,"stat.drop.minecraft.planks":1,"stat.pickup.minecraft.cauldron":2,"stat.useItem.minecraft.stained_hardened_clay":1,"stat.pickup.minecraft.sapling":258,"stat.useItem.minecraft.leaves":2,"stat.sprintOneCm":199636,"stat.drop.minecraft.wooden_slab":1,"stat.mineBlock.minecraft.stone_slab":7,"stat.pickup.minecraft.apple":1,"stat.useItem.minecraft.prismarine":3,"stat.useItem.minecraft.stone_slab":76,"achievement.openInventory":43,"stat.useItem.minecraft.cauldron":1,"stat.useItem.minecraft.barrier":1,"stat.drop.minecraft.leaves":65,"stat.useItem.minecraft.diamond_pickaxe":25,"stat.drop.minecraft.golden_apple":1,"stat.mobKills":2,"stat.useItem.minecraft.dye":23,"stat.pickup.minecraft.quartz":3,"stat.pickup.minecraft.spawn_egg":63,"stat.pickup.minecraft.water_bucket":1,"stat.deaths":3,"stat.drop":35,"stat.pickup.minecraft.diamond":1,"stat.mineBlock.minecraft.leaves":34,"stat.playOneMinute":168518,"stat.pickup.minecraft.red_flower":2,"stat.sneakTime":1476,"stat.drop.minecraft.redstone_block":1,"stat.pickup.minecraft.stone_slab":1,"stat.mineBlock.minecraft.stone":2,"stat.drop.minecraft.diamond_pickaxe":1,"stat.diveOneCm":634,"stat.pickup.minecraft.chest":1}